id_contacto,nombre,telefono,email
1,Sophia Carey,3764327208,gravida@outlook.edu
2,Whitney Steele,8365983764,dictum@aol.com
3,Pascale Drake,6992874863,metus@icloud.net
4,Maisie Rich,3787703875,enim.nunc.ut@hotmail.com
5,Carly Griffin,9384564581,elit.pellentesque@aol.edu
6,Justin Salinas,0222960040,non.bibendum@hotmail.ca
7,Kirsten Wright,3129895835,odio@yahoo.com
8,Keegan Ferguson,6813670022,arcu.vestibulum@outlook.net
9,Hedda Hendrix,3426795103,ut.cursus@google.org
10,Anika Arnold,1542181190,metus.eu@aol.org
11,Barclay Greer,2253572723,ante@protonmail.ca
12,Elaine Reese,8152925175,convallis.ante@hotmail.com
13,Hanae Merrill,3148551926,varius.orci@hotmail.com
14,Holmes Black,7811067512,adipiscing@protonmail.org
15,Aurora Delacruz,8135815517,ullamcorper.duis@icloud.ca
16,Tasha Albert,6231304865,auctor.velit@aol.ca
17,Abraham Gonzales,1476779829,tincidunt.pede@aol.net
18,Deacon Jimenez,3182731018,malesuada.fringilla@outlook.ca
19,Channing Santos,1535869413,duis.sit@icloud.couk
20,Francesca Sweet,3531788935,venenatis@hotmail.net
21,Daryl Sims,2540645663,diam.proin.dolor@yahoo.net
22,Naomi Langley,1523358210,arcu.et.pede@aol.com
23,Sigourney Mccall,0051239809,vestibulum@protonmail.org
24,Ursa Sheppard,0774611344,sollicitudin.orci@icloud.couk
25,Brock Bright,1483719016,vestibulum@hotmail.com
26,Arden Tucker,4557981695,massa.integer.vitae@yahoo.edu
27,Aurora Bentley,1835175634,lectus@aol.org
28,Robert Nicholson,3771125637,nisl@icloud.couk
29,Bradley Bruce,7221533335,erat.in@protonmail.couk
30,Dolan Sampson,7369757517,felis.eget@google.ca
31,Shannon Giles,5466165284,tempor@yahoo.edu
32,Stella Adkins,6467310781,donec.vitae@yahoo.edu
33,Charissa Larson,7677835145,vivamus.nibh@icloud.com
34,Bruno Coleman,8432053131,vel.convallis.in@protonmail.edu
35,Indira Reynolds,5471374787,dis@hotmail.ca
36,Simon Garrett,8559484038,dis.parturient@yahoo.net
37,Mufutau Baird,4092867137,metus.aenean.sed@icloud.edu
38,Kibo Jennings,1418675503,scelerisque.dui@google.net
39,Regina Cabrera,6721193017,sagittis.duis@google.org
40,Jacob Buchanan,5317845868,a.magna.lorem@yahoo.net
41,Basia Hardy,5832333441,amet.risus.donec@yahoo.edu
42,Helen Powers,7674013162,elementum.at@protonmail.couk
43,Nissim Murphy,5267150399,tristique.pellentesque@icloud.couk
44,Ima Pacheco,4822494795,velit.dui@google.org
45,Cameran Peters,6518341451,in.hendrerit@yahoo.org
46,Brenda Wilkins,3247817150,arcu.iaculis@google.org
47,Shaine Michael,3286567684,ut.quam.vel@outlook.com
48,Elton Hart,0316626625,per@yahoo.ca
49,Ferris Travis,2246165464,elit.a@hotmail.edu
50,Frances Pratt,2277013784,vulputate@aol.ca
51,Fritz Adams,2996261468,donec.tincidunt.donec@icloud.ca
52,Dominique Peck,7992451012,iaculis.enim@hotmail.org
53,Lane Rosa,4488864267,quam@icloud.couk
54,Rachel Little,6732407012,cursus.in.hendrerit@protonmail.com
55,Yael Gordon,2822583463,cursus@hotmail.couk
56,Karleigh Wiley,4365482187,fusce.mi.lorem@aol.net
57,Mark Gallagher,3813662361,leo@protonmail.edu
58,Amir Knapp,4666443379,erat.eget.ipsum@yahoo.edu
59,Asher Clarke,5715260012,mi.tempor@hotmail.edu
60,Deacon Bates,4114256817,et.magna@outlook.net
61,Theodore Small,8384379880,ornare.tortor@protonmail.ca
62,Wayne Jordan,6168334764,cras.lorem.lorem@outlook.couk
63,Reese Avila,3614659112,vel@outlook.ca
64,Sandra Jones,1452528494,nibh.enim.gravida@icloud.net
65,Zephania Carver,3675922328,eu.dui@hotmail.edu
66,Amos Tate,7154098822,nec.tempus.mauris@hotmail.net
67,Abbot Mooney,8521688856,phasellus.vitae.mauris@google.org
68,Ruby Dunlap,1212124486,nonummy.fusce@yahoo.net
69,Felicia Cherry,2801560573,est.mauris@aol.edu
70,Bradley Eaton,0946267896,montes@outlook.couk
71,Vladimir Murray,8781393455,metus.in@google.edu
72,Colette Wheeler,7403680979,facilisi.sed@protonmail.net
73,Herrod Hansen,5824133737,et.netus@aol.net
74,Hermione Solomon,8431775535,non.cursus@aol.net
75,Bertha Peck,6354461428,cursus@outlook.com
76,Shafira Miranda,5230483408,lectus.sit@aol.net
77,Demetrius Kim,5427805254,id.erat@icloud.edu
78,Karleigh Norman,8501316083,dictum.cursus.nunc@hotmail.net
79,Alika Ashley,0864668703,et.risus@protonmail.ca
80,Lysandra Green,8130386457,vitae.dolor@google.net
81,Ezekiel Nguyen,2888855625,mus@yahoo.couk
82,Zenia Cole,6654153895,dolor@icloud.net
83,Martena Potter,3346842456,pellentesque.habitant@icloud.org
84,Kennedy Martinez,7397072389,velit.cras@protonmail.com
85,Martha Dodson,1382498337,enim.non@icloud.ca
86,Amy Massey,6686726586,fringilla.mi.lacinia@aol.couk
87,Colorado Farley,2517556794,cras.eu.tellus@icloud.couk
88,Stacy Black,6807075123,nec.quam@yahoo.com
89,Vivien Clarke,5989061234,integer.sem.elit@google.edu
90,Blake Harrington,6474243994,enim.suspendisse@yahoo.org
91,Silas Bullock,4623932948,nibh.dolor@aol.net
92,Kasimir Welch,8647538154,elit.a@protonmail.ca
93,Paki Foreman,3567141283,urna.convallis@google.net
94,Anthony Figueroa,2494590525,dapibus.quam@outlook.com
95,Maxwell Peck,9462471455,commodo.ipsum@yahoo.edu
96,Marsden Wagner,5621195341,imperdiet.non.vestibulum@aol.com
97,Petra Tucker,6548469048,mattis@yahoo.com
98,Zorita Carson,4182298572,sollicitudin.a.malesuada@aol.edu
99,Troy Williams,2346778412,scelerisque.scelerisque@protonmail.org
100,Kyla Burris,0567974514,consequat@protonmail.edu
